{
    "accuracy": 0.8331910991096562,
    "f1": 0.813374432183199,
    "precision": 0.8044828483086203,
    "recall": 0.8331910991096562
}