Score,avg(ReviewLength)
1,399.3471264367816
3,428.3441249823538
5,356.32300745476266
4,416.84663280967294
2,405.99956488268566
